,Unem person,,Labour force ,,,,%,,,
,2019,2020,2019,2020,,,2019,2020,,
Italia,"2,582 ","2,310 ","25,941 ","25,214 ",,,9.95,9.16,,
  Nord,790 ,740 ,"12,980 ","12,687 ",,,6.09,5.83,,
  Nord-ovest,487 ,435 ,"7,467 ","7,274 ",,,6.53,5.99,,
    Piemonte,151 ,144 ,"1,981 ","1,922 ",,,7.65,7.52,,
      Torino,85 ,81 ,"1,025 ",988 ,,,8.34,8.19,,
      Vercelli,6 ,6 ,76 ,74 ,,,7.95,8.28,,
      Novara,14 ,11 ,173 ,167 ,,,7.98,6.81,,
      Cuneo,13 ,13 ,277 ,271 ,,,4.84,4.64,,
      Asti,5 ,7 ,97 ,97 ,,,5.57,7.13,,
      Alessandria,17 ,17 ,187 ,181 ,,,9.17,9.54,,
      Biella,6 ,5 ,78 ,77 ,,,8.00,6.98,,
      Verbano-Cusio-Ossola,4 ,4 ,68 ,67 ,,,5.89,5.84,,
    Valle d'Aosta / Vallée d'Aoste,4 ,3 ,59 ,57 ,,,6.49,5.83,,
      Valle d'Aosta / Vallée d'Aoste,4 ,3 ,59 ,57 ,,,6.49,5.83,,
    Liguria,65 ,54 ,677 ,656 ,,,9.60,8.30,,
      Imperia,12 ,9 ,92 ,86 ,,,13.57,9.88,,
      Savona,7 ,7 ,115 ,113 ,,,5.64,6.20,,
      Genova,37 ,29 ,372 ,360 ,,,9.99,8.15,,
      La Spezia,9 ,10 ,97 ,97 ,,,9.00,9.86,,
    Lombardia,267 ,233 ,"4,750 ","4,639 ",,,5.62,5.03,,
      Varese,22 ,19 ,406 ,394 ,,,5.39,4.90,,
      Como,18 ,15 ,284 ,275 ,,,6.45,5.34,,
      Sondrio,4 ,4 ,83 ,80 ,,,5.39,5.58,,
      Milano,94 ,89 ,"1,590 ","1,565 ",,,5.89,5.71,,
      Bergamo,18 ,15 ,501 ,497 ,,,3.55,3.01,,
      Brescia,28 ,25 ,587 ,573 ,,,4.75,4.36,,
      Pavia,17 ,13 ,256 ,243 ,,,6.68,5.42,,
      Cremona,8 ,9 ,162 ,154 ,,,5.00,5.69,,
      Mantova,12 ,9 ,195 ,186 ,,,6.36,4.75,,
      Lecco,8 ,8 ,159 ,158 ,,,5.30,5.22,,
      Lodi,8 ,6 ,107 ,107 ,,,7.19,5.87,,
      Monza e della Brianza,29 ,20 ,419 ,407 ,,,6.96,4.92,,
  Nord-est,303 ,305 ,"5,513 ","5,413 ",,,5.49,5.63,,
    Trentino Alto Adige / Südtirol,20 ,23 ,520 ,512 ,,,3.94,4.50,,
    Provincia Autonoma Bolzano / Bozen,8 ,10 ,267 ,263 ,,,2.90,3.77,,
    Provincia Autonoma Trento,13 ,13 ,253 ,250 ,,,5.04,5.27,,
    Veneto,130 ,130 ,"2,297 ","2,245 ",,,5.65,5.79,,
      Verona,21 ,21 ,450 ,439 ,,,4.62,4.73,,
      Vicenza,19 ,28 ,403 ,393 ,,,4.66,7.05,,
      Belluno,4 ,3 ,96 ,90 ,,,3.93,3.87,,
      Treviso,29 ,22 ,413 ,413 ,,,7.02,5.41,,
      Venezia,24 ,22 ,390 ,386 ,,,6.12,5.64,,
      Padova,25 ,27 ,437 ,423 ,,,5.66,6.39,,
      Rovigo,9 ,7 ,107 ,100 ,,,8.16,6.88,,
    Friuli-Venezia Giulia,33 ,31 ,545 ,544 ,,,6.12,5.64,,
      Udine,16 ,17 ,237 ,237 ,,,6.85,7.02,,
      Gorizia,5 ,5 ,61 ,61 ,,,7.61,8.40,,
      Trieste,6 ,5 ,105 ,106 ,,,5.76,4.27,,
      Pordenone,6 ,4 ,142 ,141 ,,,4.53,3.17,,
    Emilia-Romagna,119 ,121 ,"2,152 ","2,110 ",,,5.54,5.72,,
      Piacenza,8 ,7 ,137 ,134 ,,,5.72,5.49,,
      Parma,10 ,12 ,214 ,214 ,,,4.87,5.80,,
      Reggio nell'Emilia,10 ,12 ,257 ,250 ,,,4.03,4.65,,
      Modena,22 ,19 ,342 ,334 ,,,6.50,5.76,,
      Bologna,22 ,21 ,499 ,493 ,,,4.45,4.36,,
      Ferrara,14 ,11 ,164 ,160 ,,,8.67,6.92,,
      Ravenna,8 ,12 ,184 ,180 ,,,4.60,6.87,,
      Forlì-Cesena,11 ,10 ,193 ,188 ,,,5.50,5.18,,
      Rimini,13 ,15 ,162 ,156 ,,,8.02,9.81,,
  Centro,473 ,427 ,"5,460 ","5,327 ",,,8.66,8.02,,
    Toscana,116 ,112 ,"1,718 ","1,694 ",,,6.75,6.62,,
      Massa-Carrara,6 ,7 ,86 ,88 ,,,7.02,7.56,,
      Lucca,13 ,12 ,167 ,167 ,,,7.86,7.12,,
      Pistoia,11 ,10 ,131 ,128 ,,,8.47,8.01,,
      Firenze,30 ,28 ,486 ,469 ,,,6.18,6.00,,
      Livorno,8 ,9 ,142 ,142 ,,,5.81,6.08,,
      Pisa,12 ,13 ,196 ,193 ,,,6.08,6.55,,
      Arezzo,12 ,12 ,158 ,157 ,,,7.44,7.51,,
      Siena,9 ,8 ,127 ,124 ,,,7.01,6.47,,
      Grosseto,7 ,6 ,103 ,102 ,,,7.06,6.31,,
      Prato,8 ,8 ,123 ,125 ,,,6.21,6.18,,
    Umbria,34 ,32 ,396 ,388 ,,,8.46,8.17,,
      Perugia,24 ,25 ,300 ,298 ,,,7.84,8.37,,
      Terni,10 ,7 ,96 ,90 ,,,10.43,7.51,,
    Marche,60 ,50 ,696 ,672 ,,,8.64,7.37,,
      Pesaro e Urbino,11 ,12 ,163 ,164 ,,,6.78,7.63,,
      Ancona,24 ,17 ,216 ,207 ,,,11.09,8.02,,
      Macerata,11 ,8 ,143 ,137 ,,,7.58,5.60,,
      Ascoli Piceno,10 ,9 ,92 ,89 ,,,10.39,10.21,,
      Fermo,5 ,4 ,82 ,75 ,,,5.77,4.88,,
    Lazio,263 ,234 ,"2,649 ","2,573 ",,,9.93,9.09,,
      Viterbo,13 ,11 ,126 ,124 ,,,10.01,8.88,,
      Rieti,7 ,4 ,66 ,63 ,,,10.30,6.81,,
      Roma,185 ,171 ,"2,032 ","1,968 ",,,9.09,8.70,,
      Latina,33 ,27 ,244 ,236 ,,,13.59,11.33,,
      Frosinone,26 ,20 ,181 ,181 ,,,14.26,11.25,,
  Mezzogiorno,"1,319 ","1,143 ","7,501 ","7,201 ",,,17.58,15.88,,
  Abruzzo,63 ,50 ,561 ,539 ,,,11.23,9.28,,
    L'Aquila,12 ,10 ,125 ,122 ,,,9.44,8.00,,
    Teramo,13 ,11 ,135 ,132 ,,,9.26,8.59,,
    Pescara,17 ,13 ,137 ,132 ,,,12.03,9.47,,
    Chieti,22 ,16 ,163 ,153 ,,,13.55,10.75,,
  Molise,15 ,11 ,124 ,117 ,,,12.19,9.51,,
    Campobasso,11 ,8 ,89 ,83 ,,,11.82,9.27,,
    Isernia,5 ,3 ,35 ,34 ,,,13.15,10.09,,
  Campania,413 ,353 ,"2,060 ","1,969 ",,,20.03,17.93,,
    Caserta,59 ,50 ,318 ,298 ,,,18.39,16.86,,
    Benevento,10 ,10 ,91 ,86 ,,,10.51,11.42,,
    Napoli,250 ,219 ,"1,074 ","1,021 ",,,23.28,21.45,,
    Avellino,25 ,24 ,173 ,168 ,,,14.54,14.42,,
    Salerno,69 ,50 ,404 ,395 ,,,17.16,12.56,,
  Puglia,216 ,199 ,"1,450 ","1,420 ",,,14.89,14.04,,
    Foggia,44 ,53 ,212 ,213 ,,,20.80,24.72,,
    Bari,59 ,49 ,496 ,487 ,,,11.83,10.13,,
    Taranto,29 ,21 ,192 ,188 ,,,15.38,11.31,,
    Brindisi,17 ,16 ,145 ,137 ,,,11.89,11.73,,
    Lecce,48 ,43 ,272 ,266 ,,,17.47,16.21,,
    Barletta-Andria-Trani,19 ,17 ,133 ,129 ,,,14.15,13.10,,
  Basilicata,23 ,18 ,213 ,205 ,,,10.76,8.60,,
    Potenza,15 ,11 ,135 ,132 ,,,10.91,8.64,,
    Matera,8 ,6 ,78 ,73 ,,,10.52,8.53,,
  Calabria,146 ,133 ,697 ,660 ,,,21.00,20.10,,
    Cosenza,57 ,57 ,265 ,257 ,,,21.45,22.29,,
    Catanzaro,29 ,25 ,142 ,134 ,,,20.67,18.41,,
    Reggio di Calabria,33 ,26 ,177 ,167 ,,,18.90,15.32,,
    Crotone,18 ,16 ,61 ,53 ,,,28.84,29.47,,
    Vibo Valentia,9 ,9 ,52 ,47 ,,,17.62,19.40,,
  Sicilia,341 ,294 ,"1,705 ","1,643 ",,,20.01,17.87,,
    Trapani,25 ,25 ,139 ,143 ,,,17.81,17.34,,
    Palermo,78 ,59 ,408 ,383 ,,,19.06,15.34,,
    Messina,57 ,53 ,221 ,224 ,,,25.94,23.91,,
    Agrigento,36 ,31 ,152 ,143 ,,,23.57,21.61,,
    Caltanissetta,15 ,11 ,81 ,76 ,,,18.25,13.96,,
    Enna,13 ,9 ,56 ,54 ,,,23.63,16.42,,
    Catania,58 ,54 ,362 ,347 ,,,16.11,15.64,,
    Ragusa,21 ,19 ,130 ,131 ,,,16.53,14.24,,
    Siracusa,37 ,33 ,155 ,140 ,,,24.13,23.53,,
  Sardegna,102 ,86 ,692 ,649 ,,,14.72,13.25,,
    Sassari,29 ,30 ,216 ,197 ,,,13.42,15.14,,
    Nuoro,9 ,7 ,78 ,74 ,,,11.32,9.27,,
    Cagliari,31 ,25 ,194 ,192 ,,,15.81,13.01,,
    Oristano,11 ,9 ,63 ,62 ,,,17.01,15.11,,
    Sud Sardegna,22 ,15 ,140 ,124 ,,,16.07,12.08,,
